0,1,2,3,4,5,6,7,8,9
Dental services,"Boston, MA",AP Dental Center,Dentista,4.8,320,"
231 Border St B, Boston, MA 02128, Estados Unidos","
+1 617-315-1515",,http://www.apdentalcenter.com/
Dental services,"Boston, MA",South Boston Dental Group,Dentista,4.9,748,"
9 Channel Center St, Boston, MA 02210, Estados Unidos",,,https://www.southbostondental.com/
Dental services,"Boston, MA",Commonwealth Dental Group,Clínica dental,4.8,135,"
400 Commonwealth Ave 3rd floor, Boston, MA 02215, Estados Unidos","
+1 617-266-8770",,http://www.cdgboston.com/
Dental services,"Boston, MA",Trinity Dental,Clínica dental,4.7,103,"
1 Huntington Ave B, Boston, MA 02116, Estados Unidos","
+1 617-431-1383",,http://www.trinitydentalboston.com/
Dental services,"Boston, MA",Faneuil Hall Dental Associates,Prostodoncista,5.0,155,"
1 McKinley Square Lobby B, Boston, MA 02109, Estados Unidos","
+1 617-523-4444",smile@FHDental.com,https://www.fhdental.com/
Dental services,"Boston, MA",Prudential Dental Associates,Dentista,4.9,562,"
575 Boylston St 7th floor, Boston, MA 02116, Estados Unidos","
+1 617-267-3889","backbay@prudential-dental.com,605a7baede844d278b89dc95ae0a9123@sentry-next.wixpress.com",https://www.prudential-dental.com/
Dental services,"Boston, MA",MilleniuM Dental,Dentista,4.5,51,"
177 Tremont St #6, Boston, MA 02111, Estados Unidos",,,http://www.milleniumdental.net/
Dental services,"Boston, MA",Beacon Hill Dental Associates,Clínica dental,4.9,49,"
77 Beacon St, Boston, MA 02108, Estados Unidos",,,http://beaconhilldentalassociates.com/
Dental services,"Boston, MA",Dental Health and Wellness Boston,Médico,4.9,74,"
31 State St 7th Floor, Boston, MA 02109, Estados Unidos",,,http://www.dentalhealthandwellnessboston.com/
Dental services,"Boston, MA",Great Hill Dental - Boston,Dentista,4.6,458,"
1610 Tremont St, Boston, MA 02120, Estados Unidos",,obcinfo@greathilldental.com,https://boston.greathilldental.com/
Dental services,"Boston, MA",Parkside Dental Care,Dentista cosmético,4.8,219,"
37 Newbury St #3, Boston, MA 02116, Estados Unidos",,,http://www.parksidedentalboston.com/
Dental services,"Boston, MA",Boston Dental,Dentista,4.9,280,"
36 Chauncy St, Boston, MA 02111, Estados Unidos","
+1 617-338-5000","dtx@bostondental.flywheelsites.com,seaport@bostondental.com,dtx@bostondental.com,govcenter@bostondental.com",https://bostondental.com/boston-downtown-crossing/?utm_source=GoogleMyBusiness&utm_medium=DownTown
Dental services,"Boston, MA",South Boston Family Dental,Dentista,4.8,455,"
591 E Broadway, Boston, MA 02127, Estados Unidos","
+1 617-268-5638",,http://southbostonfamilydental.com/
Dental services,"Boston, MA",Mass Dental Associates,Dentista,4.3,125,"
1313 Washington St, Boston, MA 02118, Estados Unidos",,"info@massdentalassociates.net,massdental@comcast.net",http://www.massdentalassociates.net/
Dental services,"Boston, MA",Brito Family Dental,Clínica dental,5.0,435,"
272 W Broadway, Boston, MA 02127, Estados Unidos","
+1 617-766-8496",drbrito@britofamilydental.com,https://www.britofamilydental.com/?utm_source=google&utm_medium=organic&utm_campaign=businessprofile&utm_content=website
Dental services,"Boston, MA",Dental Partners of Boston at Prudential Center,Dentista,4.7,323,"
800 Boylston St 2nd floor, Boston, MA 02199, Estados Unidos","
+1 617-829-9744",,http://www.dentalpartnersofboston.com/
Dental services,"Boston, MA",Smile Craft,Dentista,5.0,32,"
22 Traveler St, Boston, MA 02118, Estados Unidos","
+1 857-317-3030",,http://smilecraftsouthend.com/
Dental services,"Boston, MA",Dental Partners of Boston - Fort Point,Dentista,4.8,57,"
46 Farnsworth St, Boston, MA 02210, Estados Unidos","
+1 617-752-7752",,https://www.dentalpartnersofboston.com/fort-point-boston/
